year,name,house,pop,popm,popf,foreign,density,area,numhouse,old65
1991,합계,3330317,10904527,5485353,5419174,,18014,605.33,3.27,
1991,종로구,78169,236806,119127,117679,,9865,24.01,3.03,
1991,중구,61495,184142,93312,90830,,18438,9.99,2.99,
1991,용산구,96696,294341,147914,146427,,13460,21.87,3.04,
1991,성동구,244272,789014,401375,387639,,23273,33.9,3.23,
1991,동대문구,149914,479776,242828,236948,,32477,14.77,3.2,
1991,중랑구,132908,450728,227075,223653,,24866,18.13,3.39,
1991,성북구,165634,542532,273509,269023,,22329,24.3,3.28,
1991,도봉구,221001,744880,373908,370972,,16721,44.55,3.37,
1991,노원구,161450,525500,263000,262500,,14758,35.61,3.25,
1991,은평구,147331,495530,245477,250053,,16699,29.67,3.36,
1991,서대문구,127136,392586,196281,196305,,22192,17.69,3.09,
1991,마포구,140847,442271,220887,221384,,18526,23.87,3.14,
1991,양천구,150598,508001,255927,252074,,28921,17.57,3.37,
1991,강서구,121174,408676,205712,202964,,9862,41.44,3.37,
1991,구로구,228191,747623,381977,365646,,22795,32.8,3.28,
1991,영등포구,141789,462359,233772,228587,,18922,24.44,3.26,
1991,동작구,133178,429173,216432,212741,,26206,16.38,3.22,
1991,관악구,177430,588638,298078,290560,,19855,29.65,3.32,
1991,서초구,125754,420783,208731,212052,,8852,47.53,3.35,
1991,강남구,150682,517218,258052,259166,,13271,38.97,3.43,
1991,송파구,207969,688121,342060,346061,,20371,33.78,3.31,
1991,강동구,166699,555829,279919,275910,,22744,24.44,3.33,
1992,합계,3383169,10969862,5519096,5450766,34632,18121,605.36,3.24,434348
1992,종로구,75752,227988,114648,113340,1748,9496,24.01,3.01,12096
1992,중구,59667,176836,89537,87299,2231,17701,9.99,2.96,8857
1992,용산구,96832,287124,144600,142524,6453,13135,21.86,2.97,13957
1992,성동구,244888,780526,397121,383405,2141,22991,33.95,3.19,28493
1992,동대문구,149094,470594,238385,232209,751,31862,14.77,3.16,19142
1992,중랑구,136876,458391,230937,227454,282,25284,18.13,3.35,15849
1992,성북구,163995,527296,266530,260766,1353,21699,24.3,3.22,23020
1992,도봉구,229923,766799,385385,381414,824,17212,44.55,3.34,29689
1992,노원구,174005,571833,284049,287784,662,16049,35.63,3.29,24345
1992,은평구,153700,507551,251514,256037,857,17107,29.67,3.3,20672
1992,서대문구,122844,390140,195000,195140,2939,22054,17.69,3.18,17175
1992,마포구,139628,432453,216103,216350,1803,18125,23.86,3.1,19178
1992,양천구,150749,508096,255938,252158,955,28918,17.57,3.37,18625
1992,강서구,132114,437932,219591,218341,602,10573,41.42,3.31,16907
1992,구로구,229614,738914,378569,360345,774,22528,32.8,3.22,23553
1992,영등포구,141916,453256,229476,223780,1165,18546,24.44,3.19,16577
1992,동작구,134670,427486,215826,211660,761,26114,16.37,3.17,17142
1992,관악구,181386,589655,299359,290296,484,19887,29.65,3.25,20460
1992,서초구,126592,419765,208470,211295,2588,8865,47.35,3.32,17488
1992,강남구,165325,559068,278053,281015,2948,14280,39.15,3.38,23984
1992,송파구,208638,689419,343176,346243,1631,20409,33.78,3.3,26144
1992,강동구,164961,548740,276829,271911,680,22453,24.44,3.33,20995
1993,합계,3430528,10925464,5496638,5428826,35965,18047,605.4,3.18,444277
1993,종로구,74952,222423,111786,110637,1374,9264,24.01,2.97,12441
1993,중구,57566,167383,84721,82662,2254,16755,9.99,2.91,8909
1993,용산구,94248,276439,138562,137877,5060,12646,21.86,2.93,14392
1993,성동구,245399,767976,390698,377278,2032,22627,33.94,3.13,28993
1993,동대문구,148308,459000,232465,226535,851,31076,14.77,3.09,19346
1993,중랑구,140153,460157,232055,228102,339,25381,18.13,3.28,16205
1993,성북구,163286,514240,260126,254114,1453,21162,24.29,3.15,23506
1993,도봉구,238014,780472,392106,388366,862,17519,44.55,3.28,30874
1993,노원구,180152,588188,292198,295990,789,16522,35.6,3.26,25492
1993,은평구,157781,512196,253810,258386,735,17257,29.68,3.25,21266
1993,서대문구,123155,381905,190864,191041,3331,21589,17.69,3.1,17428
1993,마포구,138755,422406,211254,211152,1833,17704,23.86,3.04,19474
1993,양천구,150976,499848,252251,247597,1121,28449,17.57,3.31,18572
1993,강서구,144770,474434,237793,236641,791,11454,41.42,3.28,18774
1993,구로구,229870,724230,371238,352992,1302,22080,32.8,3.15,23671
1993,영등포구,143124,445221,225568,219653,1302,18217,24.44,3.11,16722
1993,동작구,141571,440361,222150,218211,908,26900,16.37,3.11,18126
1993,관악구,186324,590442,299756,290686,631,19914,29.65,3.17,20861
1993,서초구,127335,410719,203981,206738,2726,8680,47.32,3.23,17383
1993,강남구,170433,566379,281304,285075,3587,14426,39.26,3.32,24757
1993,송파구,210844,685260,341403,343857,1821,20310,33.74,3.25,26266
1993,강동구,163512,535785,270549,265236,863,21905,24.46,3.28,20819
1994,합계,3455665,10798700,5429554,5369146,39246,17836,605.43,3.12,453369
1994,종로구,73798,214930,107877,107053,1743,8989,23.92,2.91,12712
1994,중구,55032,156302,79110,77192,2401,15677,9.97,2.84,8913
1994,용산구,94534,268689,134290,134399,4501,12286,21.87,2.84,14860
1994,성동구,244808,753072,382753,370319,2258,22221,33.89,3.08,29570
1994,동대문구,146186,443027,224533,218494,959,31199,14.2,3.03,19615
1994,중랑구,141855,457749,230709,227040,402,24716,18.52,3.23,16539
1994,성북구,162700,503536,254520,249016,1569,20511,24.55,3.09,23926
1994,도봉구,240545,775394,389155,386239,980,17432,44.48,3.22,31989
1994,노원구,182015,589582,292659,296923,825,16613,35.49,3.24,25895
1994,은평구,161212,511788,253362,258426,844,17261,29.65,3.17,21674
1994,서대문구,123325,374662,187350,187312,3572,21288,17.6,3.04,17825
1994,마포구,138685,412484,206014,206470,1913,17280,23.87,2.97,19781
1994,양천구,151076,492449,248530,243919,1170,28302,17.4,3.26,18702
1994,강서구,157418,508345,254121,254224,936,12276,41.41,3.23,20872
1994,구로구,225738,698274,358478,339796,2214,21211,32.92,3.09,23588
1994,영등포구,142594,433512,219952,213560,1452,17651,24.56,3.04,16985
1994,동작구,144123,440651,222206,218445,952,26951,16.35,3.06,18867
1994,관악구,186689,578658,293796,284862,681,19569,29.57,3.1,21075
1994,서초구,131546,412315,204524,207791,3154,8735,47.2,3.13,17742
1994,강남구,177641,572311,283965,288346,3813,14471,39.55,3.22,25087
1994,송파구,212950,680067,338608,341459,2048,20067,33.89,3.19,26471
1994,강동구,161195,520903,263042,257861,859,21192,24.58,3.23,20681
1995,합계,3448124,10595943,5326022,5269921,45072,17491,605.78,3.07,458918
1995,종로구,72488,204733,102852,101881,1647,8559,23.92,2.82,12624
1995,중구,53096,145646,73608,72038,2508,14608,9.97,2.74,8847
1995,용산구,93163,260993,130403,130590,6414,11934,21.87,2.8,15125
1995,성동구,113262,342648,174128,168520,1066,20347,16.84,3.03,15036
1995,광진구,129613,391148,198273,192875,1228,22941,17.05,3.02,14859
1995,동대문구,141352,420069,212978,207091,1084,29582,14.02,2.97,19398
1995,중랑구,142869,454951,229048,225903,417,24565,18.52,3.18,17130
1995,성북구,163304,497614,251559,246055,1877,20269,24.55,3.05,24537
1995,강북구,124571,395078,197924,197154,530,16734,23.61,3.17,16992
1995,도봉구,117150,374271,188030,186241,641,17942,20.86,3.19,15637
1995,노원구,185912,599462,297320,302142,933,16891,35.49,3.22,26969
1995,은평구,161512,503272,249383,253889,962,16939,29.71,3.12,22036
1995,서대문구,125996,371449,185556,185893,4131,21105,17.6,2.95,18413
1995,마포구,136891,400409,199823,200586,2181,16775,23.87,2.93,19973
1995,양천구,150868,487130,245734,241396,1353,27996,17.4,3.23,19038
1995,강서구,165058,523606,261503,262103,1197,12644,41.41,3.17,22066
1995,구로구,124797,383224,196935,186289,1017,19019,20.15,3.07,13884
1995,금천구,94341,284609,146001,138608,1520,21759,13.08,3.02,9616
1995,영등포구,140305,417914,211982,205932,1864,17016,24.56,2.98,17176
1995,동작구,145265,436684,220287,216397,1083,26709,16.35,3.01,19276
1995,관악구,183849,558462,283658,274804,809,18886,29.57,3.04,20959
1995,서초구,131800,407887,202273,205614,2969,8644,47.19,3.09,17947
1995,강남구,179387,559032,277480,281552,4459,14135,39.55,3.12,24483
1995,송파구,212400,669042,333328,335714,2236,19742,33.89,3.15,26466
1995,강동구,158875,506610,255956,250654,946,20611,24.58,3.19,20431
1996,합계,3456575,10469852,5258247,5211605,51776,17289,605.58,3.03,467766
1996,종로구,72027,199475,100075,99400,1912,8339,23.92,2.77,12876
1996,중구,50141,134839,68090,66749,2650,13524,9.97,2.69,8610
1996,용산구,92705,255024,127321,127703,7330,11661,21.87,2.75,15400
1996,성동구,110970,331206,168073,163133,1292,19668,16.84,2.98,15102
1996,광진구,132324,392217,198786,193431,1478,23004,17.05,2.96,15327
1996,동대문구,136771,399280,202162,197118,1220,28079,14.22,2.92,19389
1996,중랑구,152349,478390,240512,237878,540,25817,18.53,3.14,18694
1996,성북구,162195,487404,245926,241478,2164,19854,24.55,3.01,24843
1996,강북구,121348,379695,189901,189794,633,16102,23.58,3.13,17066
1996,도봉구,119881,382424,191956,190468,959,18350,20.84,3.19,16304
1996,노원구,182025,586997,290909,296088,1090,16554,35.46,3.22,27357
1996,은평구,162474,498532,247166,251366,1115,16780,29.71,3.07,22668
1996,서대문구,127125,366134,182525,183609,4605,20803,17.6,2.88,18804
1996,마포구,137591,393040,195689,197351,2209,16466,23.87,2.86,20338
1996,양천구,151955,486839,245520,241319,1342,27963,17.41,3.2,19569
1996,강서구,167739,524006,261657,262349,1366,12657,41.4,3.12,22690
1996,구로구,124734,378676,194452,184224,1285,18821,20.12,3.04,14318
1996,금천구,92406,273867,140227,133640,2149,21067,13,2.96,9674
1996,영등포구,138663,408087,206994,201093,2761,16616,24.56,2.94,17634
1996,동작구,145735,434873,219096,215777,1265,26598,16.35,2.98,19843
1996,관악구,181947,543314,275959,267355,989,18374,29.57,2.99,21093
1996,서초구,135209,408781,202861,205920,3038,8672,47.14,3.02,18113
1996,강남구,184039,557533,276434,281099,4765,14097,39.55,3.03,24518
1996,송파구,216205,671560,334513,337047,2573,19816,33.89,3.11,27007
1996,강동구,158017,497659,251443,246216,1046,20247,24.58,3.15,20529
1997,합계,3498506,10389057,5214266,5174791,52923,17157,605.52,2.97,485347
1997,종로구,72919,196611,98650,97961,1915,8220,23.92,2.7,13285
1997,중구,49516,129680,65501,64179,2788,13007,9.97,2.62,8870
1997,용산구,91201,245683,122648,123035,7379,11234,21.87,2.69,15767
1997,성동구,111887,326026,165350,160676,1411,19360,16.84,2.91,15756
1997,광진구,136909,397824,200858,196966,1244,23333,17.05,2.91,16030
1997,동대문구,136360,389281,197181,192100,1109,27376,14.22,2.85,20156
1997,중랑구,154699,475662,239097,236565,573,25698,18.51,3.07,19512
1997,성북구,162586,478812,241471,237341,2310,19504,24.55,2.94,25661
1997,강북구,119941,368412,183966,184446,625,15624,23.58,3.07,17493
1997,도봉구,123055,388620,194957,193663,812,18657,20.83,3.16,17372
1997,노원구,183891,587428,290756,296672,1144,16566,35.46,3.19,28688
1997,은평구,163671,491677,243817,247860,1177,16555,29.7,3,23607
1997,서대문구,125092,358995,178743,180252,4911,20397,17.6,2.87,19609
1997,마포구,140517,391116,194495,196621,2380,16385,23.87,2.78,21263
1997,양천구,153792,485914,245073,240841,1376,27926,17.4,3.16,20381
1997,강서구,169412,519554,259169,260385,1487,12550,41.4,3.07,23383
1997,구로구,126507,377660,193475,184185,1224,18780,20.11,2.99,14943
1997,금천구,93448,272740,139616,133124,1976,20964,13.01,2.92,10082
1997,영등포구,142076,406841,206366,200475,2824,16558,24.57,2.86,18460
1997,동작구,147954,432300,218004,214296,1350,26440,16.35,2.92,20731
1997,관악구,182821,534620,271830,262790,1043,18086,29.56,2.92,21748
1997,서초구,137679,407122,201900,205222,3616,8638,47.13,2.96,18397
1997,강남구,190255,555355,274650,280705,4552,14042,39.55,2.92,25012
1997,송파구,222544,677214,337369,339845,2637,19983,33.89,3.04,28128
1997,강동구,159774,493910,249324,244586,1060,20094,24.58,3.09,21013
1998,합계,3458511,10321496,5173556,5147940,50990,17046,605.52,2.98,505438
1998,종로구,69668,190619,95645,94974,1887,7972,23.91,2.74,13464
1998,중구,46072,125050,63028,62022,2550,12543,9.97,2.71,9101
1998,용산구,88418,246613,122746,123867,7331,11276,21.87,2.79,16584
1998,성동구,110157,323230,163630,159600,1285,19194,16.84,2.93,16448
1998,광진구,136557,397325,200123,197202,1404,23304,17.05,2.91,16738
1998,동대문구,132854,378953,192035,186918,1229,26668,14.21,2.85,20882
1998,중랑구,152846,467538,234830,232708,537,25259,18.51,3.06,20344
1998,성북구,162931,481101,242069,239032,2271,19597,24.55,2.95,27185
1998,강북구,117701,361424,180463,180961,610,15308,23.61,3.07,18185
1998,도봉구,119744,381602,191276,190326,758,18329,20.82,3.19,18005
1998,노원구,186639,595891,295026,300865,1040,16809,35.45,3.19,30227
1998,은평구,159865,480974,238713,242261,1133,16184,29.72,3.01,24667
1998,서대문구,126787,366726,182269,184457,4993,20837,17.6,2.89,20905
1998,마포구,137955,386880,192069,194811,2330,16208,23.87,2.8,22080
1998,양천구,152339,484907,244244,240663,1233,27852,17.41,3.18,21131
1998,강서구,168867,517881,257979,259902,1291,12512,41.39,3.07,24492
1998,구로구,127187,381794,195131,186663,1171,18985,20.11,3,15797
1998,금천구,91842,273712,140008,133704,1436,21055,13,2.98,10779
1998,영등포구,139414,406019,205372,200647,2639,16532,24.56,2.91,19464
1998,동작구,145440,425942,214410,211532,1306,26051,16.35,2.93,21716
1998,관악구,181105,526742,267808,258934,1013,17819,29.56,2.91,22637
1998,서초구,137470,404765,200242,204523,3586,8586,47.14,2.94,18884
1998,강남구,188690,554858,273673,281185,4471,14029,39.55,2.94,25429
1998,송파구,220138,671406,334022,337384,2527,19811,33.89,3.05,28905
1998,강동구,157825,489544,246745,242799,959,19916,24.58,3.1,21389
1999,합계,3490616,10321449,5170662,5150787,57189,17046,605.52,2.94,530190
1999,종로구,69581,188865,94763,94102,2275,7899,23.91,2.68,13988
1999,중구,47969,129061,64853,64208,2807,12945,9.97,2.63,9666
1999,용산구,88684,245716,122288,123428,8227,11235,21.87,2.68,17267
1999,성동구,117701,340704,172208,168496,1529,20232,16.84,2.88,18142
1999,광진구,136023,391705,197014,194691,1644,22974,17.05,2.87,17236
1999,동대문구,130678,368368,186801,181567,1343,25923,14.21,2.81,21711
1999,중랑구,152485,462434,232430,230004,697,24983,18.51,3.03,21227
1999,성북구,162442,475466,239028,236438,2537,19367,24.55,2.91,28302
1999,강북구,116512,352851,176210,176641,709,14945,23.61,3.02,19163
1999,도봉구,119418,376133,188468,187665,858,18066,20.82,3.14,18735
1999,노원구,195469,618771,306562,312209,1271,17455,35.45,3.16,32524
1999,은평구,158681,473716,235465,238251,1252,15939,29.72,2.98,25967
1999,서대문구,129403,371240,184227,187013,5457,21093,17.6,2.83,22304
1999,마포구,140081,387701,192266,195435,2587,16242,23.87,2.75,23017
1999,양천구,152133,481622,242592,239030,1309,27664,17.41,3.16,21811
1999,강서구,171724,521284,259385,261899,1498,12594,41.39,3.03,25811
1999,구로구,132543,396644,202103,194541,1350,19724,20.11,2.98,17243
1999,금천구,91493,270458,138340,132118,1829,20804,13,2.94,11299
1999,영등포구,141023,407176,206215,200961,2870,16579,24.56,2.87,20686
1999,동작구,143849,420564,211425,209139,1403,25723,16.35,2.91,22801
1999,관악구,181196,518774,263927,254847,1222,17550,29.56,2.86,23496
1999,서초구,138329,404961,199979,204982,4011,8591,47.14,2.9,19546
1999,강남구,192164,557257,274013,283244,4964,14090,39.55,2.87,26431
1999,송파구,221483,668421,332246,336175,2503,19723,33.89,3.01,29611
1999,강동구,159552,491557,247854,243703,1037,19998,24.58,3.07,22206
2000,합계,3540492,10373234,5198186,5175048,61920,17132,605.5,2.91,558566
2000,종로구,69935,188946,94923,94023,2568,7902,23.91,2.67,14489
2000,중구,53964,144074,72353,71721,3064,14465,9.96,2.61,10624
2000,용산구,90547,248794,123677,125117,8707,11376,21.87,2.65,18103
2000,성동구,119842,342508,173244,169264,1718,20339,16.84,2.84,19155
2000,광진구,137934,393055,197922,195133,1746,23053,17.05,2.84,18061
2000,동대문구,136644,382122,193672,188450,1678,26872,14.22,2.78,23491
2000,중랑구,153386,459255,231171,228084,815,24811,18.51,2.99,22469
2000,성북구,159916,463488,233027,230461,2626,18864,24.57,2.88,29470
2000,강북구,117886,352772,176167,176605,777,14942,23.61,2.99,20564
2000,도봉구,118807,371932,186372,185560,956,17873,20.81,3.12,19673
2000,노원구,201204,634068,314064,320004,1434,17901,35.42,3.14,34789
2000,은평구,158856,470747,234001,236746,1330,15839,29.72,2.95,27282
2000,서대문구,131473,373105,185049,188056,5725,21199,17.6,2.79,23621
2000,마포구,141862,390101,193446,196655,2793,16336,23.88,2.73,24137
2000,양천구,155521,488282,246010,242272,1501,28062,17.4,3.13,23155
2000,강서구,173789,522962,260121,262841,1731,12635,41.39,3,26882
2000,구로구,135896,404786,206330,198456,1689,20129,20.11,2.97,18728
2000,금천구,91827,268768,137672,131096,2337,20674,13,2.9,12020
2000,영등포구,143085,409399,207962,201437,2889,16663,24.57,2.84,21765
2000,동작구,144888,417396,209958,207438,1504,25529,16.35,2.87,24057
2000,관악구,186734,525926,267989,257937,1522,17786,29.57,2.81,25208
2000,서초구,137997,401858,198026,203832,3989,8525,47.14,2.88,20130
2000,강남구,193101,555493,273122,282371,5150,14045,39.55,2.85,26987
2000,송파구,222053,665644,330881,334763,2467,19653,33.87,2.99,30709
2000,강동구,163345,497753,251027,246726,1204,20250,24.58,3.04,22997
2001,합계,3570228,10331244,5175786,5155458,67908,17062,605.52,2.87,585897
2001,종로구,70085,187038,94120,92918,2813,7823,23.91,2.63,15087
2001,중구,55409,146335,73524,72811,3319,14692,9.96,2.58,11190
2001,용산구,92239,250550,124586,125964,9517,11456,21.87,2.61,19142
2001,성동구,121565,343471,173713,169758,2096,20396,16.84,2.81,20345
2001,광진구,139190,390090,196416,193674,1981,22879,17.05,2.79,18755
2001,동대문구,138849,383822,194451,189371,2023,27011,14.21,2.75,25083
2001,중랑구,152708,449965,226046,223919,1037,24322,18.5,2.94,23493
2001,성북구,158642,453517,228040,225477,2915,18458,24.57,2.84,30674
2001,강북구,119814,352317,175958,176359,913,14929,23.6,2.93,21892
2001,도봉구,119856,372318,186441,185877,1059,17900,20.8,3.1,20869
2001,노원구,207842,648615,321219,327396,1710,18286,35.47,3.11,37166
2001,은평구,160274,469242,233493,235749,1523,15789,29.72,2.92,28984
2001,서대문구,132044,371316,183959,187357,5088,21098,17.6,2.77,25052
2001,마포구,140799,382195,189506,192689,3054,16012,23.87,2.69,24959
2001,양천구,156180,486095,244793,241302,1750,27936,17.4,3.1,24076
2001,강서구,175849,523542,260181,263361,2053,12649,41.39,2.97,27910
2001,구로구,140533,417453,212616,204837,2123,20758,20.11,2.96,20562
2001,금천구,91035,263061,134788,128273,2585,20235,13,2.86,12613
2001,영등포구,145093,409920,208380,201540,3060,16684,24.57,2.8,23222
2001,동작구,143095,407793,204604,203189,1677,24941,16.35,2.84,24976
2001,관악구,192531,529741,270515,259226,1977,17915,29.57,2.74,26697
2001,서초구,138387,397983,195954,202029,4134,8443,47.14,2.85,20609
2001,강남구,192505,546038,267550,278488,5398,13806,39.55,2.81,27193
2001,송파구,222337,658242,327198,331044,2759,19423,33.89,2.95,31777
2001,강동구,163367,490585,247735,242850,1344,19959,24.58,2.99,23571
2002,합계,3623929,10280523,5144833,5135690,73228,16978,605.52,2.82,612783
2002,종로구,70113,184224,92681,91543,2993,7705,23.91,2.58,15359
2002,중구,54521,141603,71109,70494,3469,14217,9.96,2.53,11491
2002,용산구,91735,245218,121976,123242,10565,11213,21.87,2.56,19845
2002,성동구,123394,343018,173092,169926,2245,20357,16.85,2.76,21473
2002,광진구,141367,388478,195109,193369,1967,22785,17.05,2.73,19425
2002,동대문구,143014,384356,194605,189751,2515,27029,14.22,2.67,26455
2002,중랑구,154085,443246,222571,220675,1121,23959,18.5,2.87,24470
2002,성북구,159810,446968,224099,222869,3159,18192,24.57,2.78,31766
2002,강북구,126252,362906,181219,181687,1010,15377,23.6,2.87,23881
2002,도봉구,122201,373086,186496,186590,1175,17937,20.8,3.04,22204
2002,노원구,209521,643585,318328,325257,1933,18170,35.42,3.06,39010
2002,은평구,164981,471873,234603,237270,1668,15877,29.72,2.85,30841
2002,서대문구,134023,368001,182013,185988,5387,20909,17.6,2.71,26332
2002,마포구,142790,378777,187632,191145,3360,15868,23.87,2.63,26000
2002,양천구,158639,486350,244649,241701,1832,27951,17.4,3.05,24898
2002,강서구,181422,530169,263064,267105,1848,12806,41.4,2.91,29465
2002,구로구,142342,415789,211626,204163,2426,20676,20.11,2.9,21674
2002,금천구,93056,264004,135105,128899,2591,20308,13,2.81,13563
2002,영등포구,147838,412152,209174,202978,3399,16775,24.57,2.76,24865
2002,동작구,144854,404872,202635,202237,1825,24763,16.35,2.78,26195
2002,관악구,197578,524560,267856,256704,2353,17740,29.57,2.64,28096
2002,서초구,138627,393583,193664,199919,4327,8346,47.16,2.81,21159
2002,강남구,193857,540813,264791,276022,5675,13678,39.54,2.76,27658
2002,송파구,223754,649888,322769,327119,2851,19176,33.89,2.89,32395
2002,강동구,164155,483004,243967,239037,1534,19650,24.58,2.93,24263
2003,합계,3714697,10276968,5133694,5143274,102882,16975,605.41,2.74,649755
2003,종로구,70288,181441,90978,90463,3922,7588,23.91,2.58,15981
2003,중구,54487,138798,69282,69516,4250,13932,9.96,2.55,12030
2003,용산구,93262,240723,119302,121421,8852,11006,21.87,2.58,21055
2003,성동구,126592,343929,173182,170747,4561,20416,16.85,2.72,22803
2003,광진구,144687,388659,194706,193953,3730,22793,17.05,2.69,20748
2003,동대문구,146457,386814,195488,191326,3939,27210,14.22,2.64,28229
2003,중랑구,156511,438011,219652,218359,1922,23672,18.5,2.8,25819
2003,성북구,167475,456535,228521,228014,3478,18584,24.57,2.73,34010
2003,강북구,129543,362094,180321,181773,1431,15341,23.6,2.8,25611
2003,도봉구,127264,378166,188711,189455,1567,18181,20.8,2.97,23997
2003,노원구,211144,633934,313254,320680,2003,17896,35.42,3,40763
2003,은평구,172761,476843,236811,240032,2065,16047,29.72,2.76,33084
2003,서대문구,134956,361754,178551,183203,6001,20537,17.61,2.68,27819
2003,마포구,149272,383629,189563,194066,4178,16070,23.87,2.57,27694
2003,양천구,163755,489257,245379,243878,2295,28118,17.4,2.99,26211
2003,강서구,189521,539673,267797,271876,2670,13037,41.4,2.85,31595
2003,구로구,146240,419438,213651,205787,6593,20853,20.11,2.87,23524
2003,금천구,95608,267355,136807,130548,6131,20561,13,2.8,14690
2003,영등포구,149948,410952,208336,202616,7625,16724,24.57,2.74,26549
2003,동작구,151694,413204,206499,206705,2844,25260,16.36,2.72,28281
2003,관악구,206087,526971,268960,258011,4515,17821,29.57,2.56,30187
2003,서초구,144165,400220,196071,204149,5463,8510,47.03,2.78,22430
2003,강남구,196628,536031,260868,275163,7054,13556,39.54,2.73,28467
2003,송파구,219648,623267,309170,314097,3753,18393,33.89,2.84,32650
2003,강동구,166704,479270,241834,237436,2040,19500,24.58,2.87,25528
2004,합계,3780305,10287847,5128752,5159095,114685,16994,605.39,2.69,693225
2004,종로구,70408,178574,89574,89000,4202,7468,23.91,2.54,16728
2004,중구,54419,136585,68000,68585,4614,13712,9.96,2.51,12603
2004,용산구,94788,239070,118215,120855,8963,10933,21.87,2.52,22063
2004,성동구,128964,343992,173076,170916,4879,20419,16.85,2.67,24423
2004,광진구,145430,384681,192198,192483,4144,22560,17.05,2.65,22040
2004,동대문구,148168,383896,193487,190409,4492,27005,14.22,2.59,29972
2004,중랑구,158283,436063,218049,218014,2205,23567,18.5,2.75,27793
2004,성북구,169704,455041,226983,228058,3919,18523,24.57,2.68,36159
2004,강북구,131995,362275,180142,182133,1750,15348,23.6,2.74,27719
2004,도봉구,131129,383611,190892,192719,1672,18444,20.8,2.93,26190
2004,노원구,212531,630555,311108,319447,2371,17800,35.42,2.97,42992
2004,은평구,177305,480320,238149,242171,2233,16164,29.71,2.71,35800
2004,서대문구,136146,358186,176266,181920,6115,20336,17.61,2.63,29772
2004,마포구,153994,388111,191313,196798,4654,16257,23.87,2.52,29557
2004,양천구,169326,497642,249311,248331,2544,28600,17.4,2.94,28170
2004,강서구,193973,544762,270057,274705,3091,13159,41.4,2.81,33752
2004,구로구,150568,424725,215953,208772,7897,21116,20.11,2.82,25489
2004,금천구,96632,266047,135963,130084,6414,20456,13.01,2.75,15919
2004,영등포구,154167,415889,210440,205449,9628,16930,24.56,2.7,28839
2004,동작구,154625,414199,206439,207760,3254,25324,16.36,2.68,30183
2004,관악구,214261,535688,272997,262691,5532,18116,29.57,2.5,32830
2004,서초구,148608,406752,198672,208080,5884,8647,47.04,2.74,23994
2004,강남구,201571,539333,261704,277629,7816,13640,39.54,2.68,30007
2004,송파구,216434,608439,301439,307000,4146,17961,33.88,2.81,33563
2004,강동구,166876,473411,238325,235086,2266,19262,24.58,2.84,26668
2005,합계,3871024,10297004,5123738,5173266,129660,17009,605.4,2.63,735902
2005,종로구,69982,173861,87091,86770,4546,7272,23.91,2.48,17217
2005,중구,55101,134420,67062,67358,4393,13495,9.96,2.44,13069
2005,용산구,97324,240077,118268,121809,9817,10979,21.87,2.47,23183
2005,성동구,131725,342691,171858,170833,4947,20341,16.85,2.6,25904
2005,광진구,147077,380480,189497,190983,4867,22304,17.06,2.59,23391
2005,동대문구,152613,386280,194446,191834,5170,27173,14.22,2.53,32189
2005,중랑구,159674,429922,214675,215247,2549,23236,18.5,2.69,29434
2005,성북구,177456,467308,232338,234970,4429,19024,24.56,2.63,38788
2005,강북구,132471,355334,176451,178883,2074,15055,23.6,2.68,29566
2005,도봉구,134308,383448,190512,192936,1919,18436,20.8,2.85,28009
2005,노원구,215166,624855,307569,317286,2852,17640,35.42,2.9,44947
2005,은평구,178816,473456,234477,238979,2705,15934,29.71,2.65,37760
2005,서대문구,138320,355934,174867,181067,6771,20208,17.61,2.57,31654
2005,마포구,159894,393155,193008,200147,4991,16466,23.88,2.46,31547
2005,양천구,174368,502788,251369,251419,3033,28890,17.4,2.88,29840
2005,강서구,202052,557373,276000,281373,3713,13464,41.4,2.76,36223
2005,구로구,154397,427119,216633,210486,10714,21235,20.11,2.77,27550
2005,금천구,98179,263936,134619,129317,7034,20279,13.02,2.69,17153
2005,영등포구,159762,421327,213122,208205,12941,17151,24.57,2.64,31250
2005,동작구,158192,414668,205898,208770,4187,25367,16.35,2.62,32061
2005,관악구,220879,537235,273470,263765,7215,18168,29.57,2.43,35252
2005,서초구,152245,406875,198665,208210,5139,8651,47.03,2.67,25287
2005,강남구,211338,547775,265943,281832,6866,13853,39.54,2.59,31755
2005,송파구,222169,610023,301510,308513,4183,18007,33.88,2.75,35302
2005,강동구,167516,466664,234390,232274,2605,18987,24.58,2.79,27571
2006,합계,3978938,10356202,5145481,5210721,175036,17108,605.33,2.56,786580
2006,종로구,70925,172690,86375,86315,5897,7223,23.91,2.43,17938
2006,중구,56642,136348,67950,68398,5699,13688,9.96,2.41,13895
2006,용산구,101479,243033,119739,123294,10998,11114,21.87,2.39,24397
2006,성동구,133864,340895,170965,169930,6458,20234,16.85,2.55,27412
2006,광진구,150736,381540,189517,192023,7098,22376,17.05,2.53,24919
2006,동대문구,155667,385712,193873,191839,6852,27136,14.21,2.48,34381
2006,중랑구,163509,429404,214111,215293,3326,23211,18.5,2.63,31992
2006,성북구,185805,478511,237494,241017,5668,19479,24.57,2.58,41727
2006,강북구,134490,351624,174488,177136,2634,14897,23.6,2.61,31810
2006,도봉구,136003,379755,188320,191435,2221,18341,20.7,2.79,30261
2006,노원구,218799,621676,305515,316161,3583,17550,35.42,2.84,47363
2006,은평구,180503,467940,231462,236478,3360,15750,29.71,2.59,40148
2006,서대문구,141869,356652,174563,182089,7632,20249,17.61,2.51,33662
2006,마포구,165036,397049,194461,202588,6466,16624,23.88,2.41,33528
2006,양천구,178984,505606,252271,253335,3889,29051,17.4,2.82,31600
2006,강서구,208347,559845,276968,282877,4900,13515,41.43,2.69,38662
2006,구로구,159991,436786,221403,215383,16954,21717,20.11,2.73,29870
2006,금천구,99193,263989,134694,129295,10746,20287,13.01,2.66,18508
2006,영등포구,164263,429816,217412,212404,21118,17496,24.57,2.62,33731
2006,동작구,161958,414978,205408,209570,6396,25385,16.35,2.56,34137
2006,관악구,230093,545995,277400,268595,10778,18463,29.57,2.37,38358
2006,서초구,158618,413970,201482,212488,5704,8802,47.03,2.61,27140
2006,강남구,222642,564658,273524,291134,7694,14280,39.54,2.54,34292
2006,송파구,228770,612527,302612,309915,5522,18080,33.88,2.68,37603
2006,강동구,170752,465203,233474,231729,3443,18928,24.58,2.72,29246
2007,합계,4046086,10421782,5174655,5247127,229072,17219,605.25,2.52,852235
2007,종로구,71968,173843,87001,86842,7997,7271,23.91,2.42,19127
2007,중구,57473,137435,68516,68919,7391,13799,9.96,2.39,14907
2007,용산구,104720,248362,122454,125908,12530,11356,21.87,2.37,26039
2007,성동구,135655,341620,171404,170216,8085,20274,16.85,2.52,29691
2007,광진구,154017,386367,191521,194846,9795,22661,17.05,2.51,27100
2007,동대문구,156777,385825,193949,191876,9404,27171,14.2,2.46,37066
2007,중랑구,167665,431406,215356,216050,4335,23319,18.5,2.57,34951
2007,성북구,187024,477358,236767,240591,7385,19428,24.57,2.55,44604
2007,강북구,135415,348702,172942,175760,3224,14769,23.61,2.58,34732
2007,도봉구,138156,378559,187454,191105,2584,18288,20.7,2.74,32780
2007,노원구,222109,621192,304732,316460,4439,17538,35.42,2.8,50656
2007,은평구,181551,463473,229054,234419,4277,15600,29.71,2.55,43414
2007,서대문구,144016,357174,174544,182630,8599,20282,17.61,2.48,36326
2007,마포구,167901,400392,196196,204196,7742,16774,23.87,2.38,36160
2007,양천구,181977,508566,253616,254950,4916,29228,17.4,2.79,33961
2007,강서구,213893,566495,279974,286521,6071,13677,41.42,2.65,42075
2007,구로구,163310,445095,225414,219681,24553,22133,20.11,2.73,33021
2007,금천구,99299,264323,135135,129188,15215,20317,13.01,2.66,20353
2007,영등포구,166087,439151,222241,216910,30973,17873,24.57,2.64,36661
2007,동작구,163600,414839,205115,209724,8872,25372,16.35,2.54,36829
2007,관악구,236544,550766,279947,270819,15195,18626,29.57,2.33,42214
2007,서초구,158880,411951,200378,211573,5982,8765,47,2.59,29054
2007,강남구,226149,569176,275010,294166,8218,14395,39.54,2.52,37115
2007,송파구,237517,630691,310809,319882,6815,18615,33.88,2.66,41787
2007,강동구,174383,469021,235126,233895,4475,19081,24.58,2.69,31612
2008,합계,4097562,10456034,5184732,5271302,255207,17275,605.27,2.49,898700
2008,종로구,74660,179754,89725,90029,9049,7519,23.91,2.29,20162
2008,중구,58174,138811,69284,69527,8449,13936,9.96,2.24,15427
2008,용산구,106966,251043,123551,127492,12819,11480,21.87,2.23,27167
2008,성동구,128658,322679,161744,160935,8467,19151,16.85,2.44,29525
2008,광진구,155676,387254,191676,195578,11772,22698,17.06,2.41,28702
2008,동대문구,156267,381663,191888,189775,11413,26876,14.2,2.37,38563
2008,중랑구,171183,432845,216344,216501,4974,23399,18.5,2.5,37180
2008,성북구,190713,481419,238344,243075,8062,19597,24.57,2.48,47242
2008,강북구,136300,345754,171180,174574,3480,14644,23.61,2.51,36649
2008,도봉구,139733,376698,186476,190222,2762,18196,20.7,2.68,34750
2008,노원구,225065,620808,304068,316740,4827,17524,35.43,2.74,52938
2008,은평구,182762,463364,228740,234624,4963,15607,29.69,2.51,46002
2008,서대문구,138295,340731,166432,174299,9043,19356,17.6,2.4,36342
2008,마포구,165978,393241,192243,200998,8122,16472,23.87,2.32,36811
2008,양천구,183002,507899,253061,254838,5556,29183,17.4,2.75,35573
2008,강서구,223026,583545,288063,295482,6697,14086,41.43,2.59,45762
2008,구로구,165750,448696,226732,221964,27901,22282,20.14,2.54,35608
2008,금천구,100138,265244,135337,129907,17924,20396,13.01,2.47,21649
2008,영등포구,168187,443537,223825,219712,35438,18056,24.57,2.43,38951
2008,동작구,163742,410934,202654,208280,10068,25136,16.35,2.45,38320
2008,관악구,241511,551873,279975,271898,17317,18664,29.57,2.21,44843
2008,서초구,159907,412065,200313,211752,5745,8767,47,2.54,30943
2008,강남구,227533,565624,272953,292671,7792,14307,39.54,2.45,38918
2008,송파구,256104,676580,332704,343876,7618,19971,33.88,2.61,46934
2008,강동구,178232,473973,237420,236553,4949,19285,24.58,2.63,33739
2009,합계,4116660,10464051,5181359,5282692,255749,17289,605.25,2.48,942946
2009,종로구,74315,177543,88432,89111,8940,7426,23.91,2.27,20753
2009,중구,58249,137861,69046,68815,8396,13841,9.96,2.22,16008
2009,용산구,107456,251200,123528,127672,12492,11487,21.87,2.22,28167
2009,성동구,126670,316064,158203,157861,8006,18759,16.85,2.43,30300
2009,광진구,156140,386513,190967,195546,12515,22653,17.06,2.4,30288
2009,동대문구,153437,374277,187856,186421,12131,26356,14.2,2.36,39693
2009,중랑구,171448,429700,214546,215154,4939,23232,18.5,2.48,39191
2009,성북구,192990,484457,239463,244994,8429,19721,24.57,2.47,49417
2009,강북구,136779,343912,170346,173566,3545,14566,23.61,2.49,38749
2009,도봉구,139010,372398,184019,188379,2665,17988,20.7,2.66,36245
2009,노원구,225000,615161,301164,313997,4545,17360,35.44,2.71,54756
2009,은평구,185701,470782,231849,238933,4887,15855,29.69,2.51,48979
2009,서대문구,137062,336649,164251,172398,9198,19126,17.6,2.39,37561
2009,마포구,165750,392313,191300,201013,8300,16434,23.87,2.32,38327
2009,양천구,182363,506684,251971,254713,5289,29104,17.41,2.75,37132
2009,강서구,221975,579196,285597,293599,6360,13983,41.42,2.58,47657
2009,구로구,167404,449613,227173,222440,27646,22347,20.12,2.52,37465
2009,금천구,100285,263116,134341,128775,18281,20240,13,2.44,22695
2009,영등포구,168099,441747,222622,219125,35949,17983,24.57,2.41,40498
2009,동작구,163344,407973,200855,207118,10053,24954,16.35,2.44,39971
2009,관악구,241873,547311,277269,270042,17442,18510,29.57,2.19,47311
2009,서초구,166405,431131,209113,222018,5650,9172,47,2.56,34046
2009,강남구,229431,569499,274480,295019,7361,14405,39.54,2.45,41065
2009,송파구,260681,689296,337950,351346,7820,20347,33.88,2.61,50067
2009,강동구,184793,489655,245018,244637,4910,19920,24.58,2.62,36605
2010,합계,4224181,10575447,5236742,5338705,262902,17473,605.25,2.44,1007572
2010,종로구,77621,179362,89252,90110,8784,7502,23.91,2.2,22458
2010,중구,61468,141200,70908,70292,8378,14177,9.96,2.16,17504
2010,용산구,113204,257143,125832,131311,12290,11759,21.87,2.16,30996
2010,성동구,129644,316892,158771,158121,7799,18808,16.85,2.38,32094
2010,광진구,159675,388775,192053,196722,13312,22786,17.06,2.35,32241
2010,동대문구,158485,379343,190317,189026,12557,26713,14.2,2.31,42669
2010,중랑구,176096,432302,216255,216047,4847,23373,18.5,2.43,41887
2010,성북구,201489,497692,245659,252033,8760,20260,24.57,2.43,53243
2010,강북구,142711,350007,173373,176634,3487,14824,23.61,2.43,41702
2010,도봉구,140603,370734,183283,187451,2436,17908,20.7,2.62,38214
2010,노원구,228022,615425,301141,314284,4195,17367,35.44,2.68,57049
2010,은평구,196390,492925,242564,250361,4816,16601,29.69,2.49,53779
2010,서대문구,138473,333871,162823,171048,9330,18968,17.6,2.34,39497
2010,마포구,170531,400464,195145,205319,8599,16776,23.87,2.3,41457
2010,양천구,183718,505223,251368,253855,5222,29020,17.41,2.72,39067
2010,강서구,225313,580506,286324,294182,6379,14015,41.42,2.55,50349
2010,구로구,170317,452667,229189,223478,28931,22499,20.12,2.49,39389
2010,금천구,103412,264544,135717,128827,19349,20350,13,2.37,23995
2010,영등포구,171791,445648,225127,220521,38815,18141,24.57,2.37,42764
2010,동작구,167887,413814,203608,210206,11105,25312,16.35,2.4,42539
2010,관악구,247588,549736,278445,271291,18302,18592,29.57,2.15,50663
2010,서초구,170882,440021,213200,226821,5301,9361,47,2.54,37131
2010,강남구,234345,577070,277932,299138,6975,14596,39.54,2.43,44229
2010,송파구,264364,693144,339868,353276,7865,20460,33.88,2.59,53156
2010,강동구,190152,496939,248588,248351,5068,20217,24.58,2.59,39500
2011,합계,4192752,10528774,5208492,5320282,279095,17397,605.21,2.44,1049425
2011,종로구,76688,177419,88107,89312,9037,7421,23.91,2.2,22939
2011,중구,61475,141567,71137,70430,8374,14212,9.96,2.17,18099
2011,용산구,112617,259288,126735,132553,12787,11857,21.87,2.19,31837
2011,성동구,126148,308767,154511,154256,8056,18325,16.85,2.38,32767
2011,광진구,158472,386673,190867,195806,14737,22661,17.06,2.35,33613
2011,동대문구,157823,378534,189538,188996,13048,26653,14.2,2.32,44368
2011,중랑구,175115,428672,214258,214414,4966,23175,18.5,2.42,43745
2011,성북구,199398,494422,243639,250783,9251,20125,24.57,2.43,55213
2011,강북구,142527,348740,172309,176431,3686,14780,23.6,2.42,43507
2011,도봉구,139348,367949,181911,186038,2376,17774,20.7,2.62,39810
2011,노원구,225104,608062,297308,310754,4132,17160,35.44,2.68,58642
2011,은평구,197582,498350,244730,253620,4716,16782,29.69,2.5,56595
2011,서대문구,134730,324529,158160,166369,9677,18434,17.6,2.34,40041
2011,마포구,168640,398627,193539,205088,9134,16720,23.84,2.31,42610
2011,양천구,182677,505605,251346,254259,5395,29049,17.41,2.74,41110
2011,강서구,223490,575846,283662,292184,6774,13901,41.43,2.55,52314
2011,구로구,171064,458908,232056,226852,31440,22806,20.12,2.5,41992
2011,금천구,103600,264256,135604,128652,20818,20326,13,2.35,25089
2011,영등포구,168850,439555,221913,217642,42112,17892,24.57,2.35,43891
2011,동작구,167099,413658,203341,210317,12250,25296,16.35,2.4,44287
2011,관악구,246979,546350,276675,269675,19953,18478,29.57,2.13,53022
2011,서초구,168988,439012,212636,226376,5448,9340,47,2.57,39035
2011,강남구,231983,573003,275906,297097,7293,14501,39.51,2.44,47187
2011,송파구,261963,690466,338344,352122,8257,20382,33.88,2.6,55456
2011,강동구,190392,500516,250260,250256,5378,20359,24.59,2.6,42256
2012,합계,4177970,10442426,5159665,5282761,247108,17255,605.18,2.44,1110995
2012,종로구,75659,173148,85997,87151,7941,7243,23.91,2.18,23868
2012,중구,61546,140807,70762,70045,7447,14136,9.96,2.17,18875
2012,용산구,110706,255294,124708,130586,12062,11674,21.87,2.2,33027
2012,성동구,125848,306868,153272,153596,7264,18214,16.85,2.38,34180
2012,광진구,158534,384269,189367,194902,12956,22520,17.06,2.34,35759
2012,동대문구,157650,375683,187851,187832,12425,26453,14.2,2.3,46795
2012,중랑구,174313,423655,211708,211947,4360,22904,18.5,2.41,46476
2012,성북구,197992,490639,241162,249477,8782,19968,24.57,2.43,58142
2012,강북구,142150,346493,171099,175394,3336,14684,23.6,2.41,46222
2012,도봉구,138036,364454,180023,184431,2184,17605,20.7,2.62,42267
2012,노원구,222959,600829,293616,307213,3640,16955,35.44,2.68,61218
2012,은평구,200502,505902,248150,257752,4422,17035,29.7,2.5,60776
2012,서대문구,135104,324733,157969,166764,9620,18444,17.61,2.33,42088
2012,마포구,166722,393576,190514,203062,8932,16511,23.84,2.31,44283
2012,양천구,181135,500533,248683,251850,4622,28769,17.4,2.74,43514
2012,강서구,223708,573794,282185,291609,6363,13851,41.43,2.54,55821
2012,구로구,171498,454478,229130,225348,26958,22589,20.12,2.49,45252
2012,금천구,104357,260734,133834,126900,17446,20055,13,2.33,26848
2012,영등포구,167685,426876,215084,211792,35468,17386,24.55,2.33,46237
2012,동작구,169293,416268,204479,211789,10777,25456,16.35,2.4,47185
2012,관악구,247598,540520,273640,266880,17491,18280,29.57,2.11,56620
2012,서초구,168878,439998,213011,226987,4954,9361,47,2.58,41763
2012,강남구,230755,569997,274124,295873,5800,14431,39.5,2.45,50348
2012,송파구,257852,680150,333060,347090,7035,20078,33.88,2.61,58490
2012,강동구,187490,492728,246237,246491,4823,20042,24.59,2.6,44941
2013,합계,4182351,10388055,5126351,5261704,244410,17165,605.2,2.43,1167177
2013,종로구,73693,167867,83211,84656,7797,7022,23.91,2.17,23997
2013,중구,60600,137990,69128,68862,7525,13854,9.96,2.15,19346
2013,용산구,109361,251925,122974,128951,12185,11520,21.87,2.19,34017
2013,성동구,126447,306571,152809,153762,7234,18190,16.85,2.37,35421
2013,광진구,159173,381439,187584,193855,12512,22356,17.06,2.32,37623
2013,동대문구,159256,376445,188167,188278,12172,26490,14.21,2.29,49097
2013,중랑구,174938,421237,210390,210847,4439,22773,18.5,2.38,48998
2013,성북구,196693,485347,238228,247119,8758,19747,24.58,2.42,60499
2013,강북구,141246,341921,168546,173375,3214,14490,23.6,2.4,48547
2013,도봉구,137714,360609,177925,182684,2027,17418,20.7,2.6,44469
2013,노원구,222132,594027,289967,304060,3548,16763,35.44,2.66,63810
2013,은평구,202487,508111,248722,259389,4451,17107,29.7,2.49,64328
2013,서대문구,135272,324067,157314,166753,9957,18405,17.61,2.32,43850
2013,마포구,166780,391098,188874,202224,9242,16407,23.84,2.29,45758
2013,양천구,180443,496934,246723,250211,4406,28554,17.4,2.73,46026
2013,강서구,226607,575236,282287,292949,6166,13885,41.43,2.51,59530
2013,구로구,171419,452168,227694,224474,27204,22475,20.12,2.48,48027
2013,금천구,104179,258254,132742,125512,17234,19840,13.02,2.31,28310
2013,영등포구,167761,421577,212417,209160,35106,17187,24.53,2.3,48065
2013,동작구,172700,421487,207223,214264,10672,25773,16.35,2.38,50062
2013,관악구,248006,535128,270512,264616,17100,18097,29.57,2.09,59705
2013,서초구,170594,446541,215771,230770,4778,9501,47,2.59,44674
2013,강남구,230645,569152,273583,295569,5553,14409,39.5,2.44,53461
2013,송파구,257441,674955,330030,344925,6540,19925,33.87,2.6,61745
2013,강동구,186764,487969,243530,244439,4590,19846,24.59,2.59,47812
2014,합계,4194176,10369593,5109013,5260580,266360,17134,605.2,2.41,1221616
2014,종로구,73101,165344,81439,83905,8351,6915,23.91,2.15,24537
2014,중구,59960,136227,67952,68275,8162,13677,9.96,2.14,19960
2014,용산구,108429,249914,122047,127867,13963,11427,21.87,2.18,34896
2014,성동구,125814,303891,151149,152742,7805,18035,16.85,2.35,36684
2014,광진구,158524,377375,185011,192364,14021,22120,17.06,2.29,38974
2014,동대문구,159880,376319,187638,188681,12632,26483,14.21,2.27,50915
2014,중랑구,176714,423411,211178,212233,4575,22887,18.5,2.37,51995
2014,성북구,193359,475961,233009,242952,9255,19364,24.58,2.41,62066
2014,강북구,141246,338410,166553,171857,3385,14339,23.6,2.37,50841
2014,도봉구,136977,355712,175306,180406,2003,17184,20.7,2.58,46471
2014,노원구,221107,586056,285697,300359,3504,16537,35.44,2.63,66480
2014,은평구,202187,503243,245946,257297,4599,16944,29.7,2.47,67002
2014,서대문구,134780,320861,155477,165384,10485,18220,17.61,2.3,45309
2014,마포구,169492,395830,190717,205113,10391,16604,23.84,2.27,47360
2014,양천구,179069,490708,243091,247617,4487,28202,17.4,2.72,48175
2014,강서구,234378,591653,289841,301812,6493,14281,41.43,2.5,64287
2014,구로구,172594,457131,230091,227040,31300,22720,20.12,2.47,51187
2014,금천구,103940,258030,132476,125554,19567,19818,13.02,2.29,29553
2014,영등포구,168100,421436,212261,209175,39084,17180,24.53,2.27,49829
2014,동작구,172389,419261,205962,213299,11791,25643,16.35,2.36,52327
2014,관악구,248180,531960,268683,263277,18774,17990,29.57,2.07,62577
2014,서초구,173469,454288,219109,235179,4610,9666,47,2.59,47469
2014,강남구,237375,583446,280082,303364,5332,14771,39.5,2.44,57444
2014,송파구,257207,671794,328308,343486,7056,19834,33.87,2.58,65025
2014,강동구,185905,481332,239990,241342,4735,19574,24.59,2.56,50253
2015,합계,4189948,10297138,5063550,5233588,274957,,,2.39,1267563
2015,종로구,72645,163822,80531,83291,8836,,,2.13,24892
2015,중구,59321,134329,66755,67574,8596,,,2.12,20302
2015,용산구,107512,247909,121027,126882,14567,,,2.17,35715
2015,성동구,126714,305065,151459,153606,8062,,,2.34,38164
2015,광진구,158353,375180,183436,191744,14811,,,2.28,40368
2015,동대문구,159941,373824,185827,187997,13671,,,2.25,52490
2015,중랑구,176390,418620,208393,210227,4711,,,2.35,54095
2015,성북구,190973,469560,229183,240377,10285,,,2.4,63281
2015,강북구,141088,334426,164337,170089,3553,,,2.35,52598
2015,도봉구,136903,353241,173804,179437,1999,,,2.57,48590
2015,노원구,219768,578221,281538,296683,3638,,,2.61,68909
2015,은평구,203410,502578,244964,257614,4658,,,2.45,69753
2015,서대문구,135770,323105,156130,166975,10964,,,2.3,46758
2015,마포구,171480,398351,190957,207394,10708,,,2.26,48598
2015,양천구,179512,489010,242074,246936,4478,,,2.7,50398
2015,강서구,238952,595691,291216,304475,6617,,,2.47,67950
2015,구로구,172321,454604,228201,226403,32512,,,2.45,53719
2015,금천구,103847,256167,131346,124821,19883,,,2.28,31070
2015,영등포구,167863,417811,210388,207423,39307,,,2.25,51481
2015,동작구,170495,412774,202165,210609,12133,,,2.35,53610
2015,관악구,249191,529031,266773,262258,19368,,,2.05,64985
2015,서초구,173007,451258,217036,234222,4494,,,2.58,49280
2015,강남구,237373,581760,279209,302551,5265,,,2.43,60330
2015,송파구,256611,667480,325950,341530,7178,,,2.57,68292
2015,강동구,180508,463321,230851,232470,4663,,,2.54,51935
2016,합계,4189839,10204057,5007379,5196678,273441,,,2.37,1300877
2016,종로구,72118,161922,79322,82600,9185,,,2.12,25091
2016,중구,59651,134409,66452,67957,9160,,,2.1,20606
2016,용산구,106607,245102,119636,125466,14861,,,2.16,35915
2016,성동구,128727,307161,152006,155155,7902,,,2.32,39262
2016,광진구,158390,372104,181251,190853,14889,,,2.26,41441
2016,동대문구,159426,370312,183444,186868,15243,,,2.23,53460
2016,중랑구,177400,415677,206772,208905,4672,,,2.32,55914
2016,성북구,188304,461617,224504,237113,11262,,,2.39,64015
2016,강북구,141229,330704,162211,168493,3509,,,2.32,54053
2016,도봉구,136898,350272,172006,178266,2052,,,2.54,50510
2016,노원구,219736,571212,277866,293346,3631,,,2.58,70887
2016,은평구,201891,495937,241048,254889,4461,,,2.43,71457
2016,서대문구,136766,325871,156597,169274,11677,,,2.3,47653
2016,마포구,169432,390887,186668,204219,10995,,,2.24,48303
2016,양천구,177434,481845,238163,243682,4106,,,2.69,52063
2016,강서구,245045,602104,293734,308370,6619,,,2.43,71062
2016,구로구,172220,449600,225411,224189,32049,,,2.42,55705
2016,금천구,104483,254654,130429,124225,19268,,,2.25,32279
2016,영등포구,165729,406779,204712,202067,36166,,,2.24,51844
2016,동작구,172506,413247,201842,211405,12250,,,2.32,55231
2016,관악구,251955,525607,265034,260573,18756,,,2.01,66952
2016,서초구,173970,451477,216886,234591,4285,,,2.57,50984
2016,강남구,234080,572140,274217,297923,5025,,,2.42,61931
2016,송파구,258382,664946,324087,340859,7115,,,2.55,71064
2016,강동구,177460,448471,223081,225390,4303,,,2.5,53195
2017,합계,4220082,10124579,4957857,5166722,267153,,,2.34,1365126
2017,종로구,73594,164257,80094,84163,9487,,,2.1,26182
2017,중구,60412,134593,66337,68256,8884,,,2.08,21384
2017,용산구,107666,244444,119423,125021,15283,,,2.13,36882
2017,성동구,132902,312711,154077,158634,7903,,,2.29,41273
2017,광진구,160798,372298,180645,191653,14595,,,2.22,43953
2017,동대문구,159938,366011,181185,184826,15364,,,2.19,55718
2017,중랑구,179132,412780,205125,207655,4554,,,2.28,59262
2017,성북구,187112,455407,221103,234304,11352,,,2.37,66251
2017,강북구,142533,328002,160252,167750,3523,,,2.28,56530
2017,도봉구,137378,346234,169553,176681,2068,,,2.51,53488
2017,노원구,217619,558075,271025,287050,3672,,,2.55,74243
2017,은평구,202839,491202,238223,252979,4408,,,2.4,74559
2017,서대문구,137266,325028,155250,169778,12228,,,2.28,49266
2017,마포구,169408,385783,183248,202535,10868,,,2.21,49615
2017,양천구,176649,475018,234279,240739,3864,,,2.67,55234
2017,강서구,254257,608255,296175,312080,6564,,,2.37,76032
2017,구로구,171570,441559,221386,220173,30817,,,2.39,58794
2017,금천구,106066,253491,129775,123716,18337,,,2.22,34170
2017,영등포구,167355,402024,202400,199624,33474,,,2.2,53981
2017,동작구,172995,408493,198827,209666,12276,,,2.29,57255
2017,관악구,255352,520929,262006,258923,17632,,,1.97,70046
2017,서초구,173594,445401,213422,231979,4299,,,2.54,53205
2017,강남구,231612,561052,268941,292111,4888,,,2.4,65060
2017,송파구,264628,671173,326407,344766,6677,,,2.51,76582
2017,강동구,177407,440359,218699,221660,4136,,,2.46,56161
2018,합계,4263868,10049607,4910849,5138758,283984,,,2.29,1416131
2018,종로구,73735,163026,79156,83870,9961,,,2.08,26742
2018,중구,61502,135633,66674,68959,9908,,,2.04,22005
2018,용산구,108974,245090,119766,125324,16091,,,2.1,37640
2018,성동구,137209,316463,155091,161372,8242,,,2.25,42767
2018,광진구,162606,371063,179527,191536,15504,,,2.19,45619
2018,동대문구,161820,364338,179774,184564,16286,,,2.15,57165
2018,중랑구,180511,408147,202448,205699,4938,,,2.23,61830
2018,성북구,186601,447687,216495,231192,11819,,,2.34,67782
2018,강북구,143395,322915,157522,165393,3751,,,2.23,58196
2018,도봉구,138087,341649,167043,174606,2236,,,2.46,55964
2018,노원구,217655,548160,265870,282290,4408,,,2.5,77096
2018,은평구,205001,487666,235600,252066,4469,,,2.36,77420
2018,서대문구,138549,323080,153816,169264,12767,,,2.24,50456
2018,마포구,172505,386359,182573,203786,11282,,,2.17,50833
2018,양천구,176498,468145,230457,237688,3960,,,2.63,58045
2018,강서구,258503,603611,293289,310322,6662,,,2.31,79660
2018,구로구,172457,438486,219949,218537,33989,,,2.35,61801
2018,금천구,107971,254021,130398,123623,20104,,,2.17,35739
2018,영등포구,171085,403600,203319,200281,35822,,,2.15,55673
2018,동작구,177176,409385,198458,210927,13182,,,2.24,59479
2018,관악구,262222,520040,260742,259298,18083,,,1.91,72249
2018,서초구,172918,438163,209977,228186,4212,,,2.51,54751
2018,강남구,228775,547453,262203,285250,5089,,,2.37,67085
2018,송파구,270866,673507,326849,346658,6872,,,2.46,81364
2018,강동구,177247,431920,213853,218067,4347,,,2.41,58770
